Fact,Start Date,End Date,Price Movement,Explanation,Confidence
,1/1/2020,1/6/2020,Positive,Earnings season often brings heightened attention and trading volume to stocks. The mention of earnings in the tweet suggests anticipation of strong financial performance. Investors typically react positively to earnings discussions as they anticipate better-than-expected results. This can drive up buying activity leading to a positive price movement for BABA. The continued focus on earnings by a reputable source like @eWhispers further reinforces investor confidence. Confidence: 80%.,80
,1/2/2020,1/7/2020,Positive,"Reiterating discussions on earnings keeps the bullish sentiment alive. Investors expecting favorable earnings results are likely to maintain or increase their positions. The consistent focus on earnings implies that there is no negative news overshadowing the potential positive outcomes, thus driving the stock price higher. Confidence: 75%.",75
,1/3/2020,1/8/2020,Positive,"Persistent discussions about upcoming earnings reinforce the expectation of strong financial performance. This continuous focus on positive earnings prospects typically keeps investor sentiment bullish. As investors anticipate good results, they are more likely to buy and hold the stock, driving its price up. Confidence: 78%.",78
,1/4/2020,1/9/2020,Positive,"The ongoing focus on earnings from a credible source like @eWhispers indicates that the market is keenly interested in the company's financial performance. Investors likely interpret this attention as a sign of strong forthcoming results, prompting increased buying activity. Such sentiment usually results in a positive price movement. Confidence: 80%.",80
,1/5/2020,1/10/2020,Negative,"Mentioning $SPY (S&P 500 ETF) in a general context suggests broader market trends rather than company-specific news for Alibaba. Without specific positive news for BABA, the focus on $SPY could indicate potential market volatility or a shift in investor interest. This could lead to reduced buying activity for BABA, resulting in a negative price impact. Confidence: 60%.",60
,1/6/2020,1/11/2020,Negative,"Comparisons among major tech companies like Apple, Tesla, and Amazon without specifically highlighting Alibaba might shift investor attention away from BABA. Such comparisons can make investors more interested in the highlighted stocks, potentially reducing buying pressure on BABA. Confidence: 65%.",65
,1/7/2020,1/12/2020,Negative,"A general weekly review without specific mentions of Alibaba implies no particular positive news for the company. Investors might not find compelling reasons to buy BABA based on this information, leading to a neutral to negative impact on the stock price due to lack of excitement. Confidence: 70%.",70
,1/8/2020,1/13/2020,Negative,"Listing multiple stocks without focusing on Alibaba reduces the spotlight on BABA. Investors might divert their attention to other mentioned stocks, leading to less interest and potentially negative price movement for BABA. Confidence: 60%.",60
,1/9/2020,1/14/2020,Positive,"Positive reactions to earnings reports typically boost investor confidence. If BABA is experiencing good earnings reactions, this signals strong financial health and performance, encouraging more investors to buy the stock. Confidence: 85%.",85
,1/10/2020,1/15/2020,Positive,Technical analysis indicating that Alibaba is nearing a breakout level often attracts traders looking to capitalize on potential upward movements. This increased interest and buying pressure are likely to result in a positive price impact for BABA. Confidence: 90%.,90
,1/16/2020,1/21/2020,Positive,Positive summaries about growth in China typically indicate strong economic conditions and potential for increased revenue for Alibaba. This often results in a positive sentiment among investors. Confidence: 80%.,80
,1/17/2020,1/22/2020,Positive,Detailed technical analysis and positive trends from the previous week suggest a continued upward momentum in the stock price. Confidence: 75%.,75
,1/18/2020,1/23/2020,Positive,Mentions of $BABA along with positive market movements in major indices and tech stocks generally lead to a positive sentiment and buying interest. Confidence: 70%.,70
,1/19/2020,1/24/2020,Positive,Positive outlooks and comments on Alibaba's strength from market commentators typically lead to increased investor confidence and a positive price movement. Confidence: 85%.,85
,1/22/2020,1/27/2020,Positive,"Being listed among the most active options indicates high trading volume and interest, often translating to positive price momentum due to increased investor activity. Confidence: 75%.",75
,1/23/2020,1/28/2020,Negative,"Discussion of oversold stocks like $HENC may indicate market concerns or broader selling pressures, which can negatively impact sentiment towards other stocks like Alibaba. Confidence: 65%.",65
,1/24/2020,1/29/2020,Positive,"High activity in options trading for Alibaba suggests strong investor interest and potential for significant price movement, typically in a positive direction. Confidence: 80%.",80
,1/25/2020,1/30/2020,Positive,"Positive performance summaries for the month indicate strong market performance and investor confidence, likely leading to a positive impact on Alibaba's stock price. Confidence: 75%.",75
,1/26/2020,1/31/2020,Positive,"Enthusiastic market sentiment and strong performance of major indices and tech stocks generally boost overall market confidence. When the broader market performs well, individual stocks, including Alibaba, often benefit from the positive sentiment and increased investor confidence. This usually leads to a positive price movement for Alibaba. Confidence: 70%.",70
,1/29/2020,2/3/2020,Negative,"News about the spread of coronavirus typically triggers market fears and uncertainty, leading to increased selling pressure. Even though the initial tweet seems lighthearted with the emoji, the mention of coronavirus spreading can create significant concern among investors about potential economic impacts, especially for a global company like Alibaba. Confidence: 85%.",85
,1/30/2020,2/4/2020,Positive,"Positive engagement in challenges and investor interest in trading activities often indicate bullish sentiment. This tweet highlights an ongoing trading challenge, suggesting active and enthusiastic participation in the market, which can drive up stock prices as more traders get involved. Confidence: 70%.",70
,1/31/2020,2/5/2020,Negative,"The mention of coronavirus and the inclusion of shocked emojis indicate heightened market concern and fear. Such news typically leads to market volatility and increased selling pressure as investors react to potential economic disruptions. This negatively impacts stock prices, including Alibaba. Confidence: 85%.",85
,2/1/2020,2/6/2020,Negative,"Continued news about the coronavirus and additional health concerns (H5N1) further increase market fears and selling pressure. The compounded impact of multiple health threats exacerbates investor anxiety, likely leading to a negative price movement for Alibaba. Confidence: 85%.",85
,2/2/2020,2/7/2020,Negative,"Pessimistic outlooks on major indices and stocks, including Alibaba, generally lead to increased selling pressure. When market influencers express negative sentiments, it often results in a bearish outlook from investors, causing a drop in stock prices. Confidence: 80%.",80
,2/5/2020,2/10/2020,Positive,Positive mentions and shoutouts from reputable financial news sources like CNBC's Fast Money often increase investor confidence and buying interest. Such endorsements can lead to a surge in stock prices as investors trust the insights and recommendations from these sources. Confidence: 75%.,75
,2/6/2020,2/11/2020,Positive,New articles highlighting Alibaba alongside other top stocks typically generate positive sentiment and increased interest from investors. Being featured as a top pick often leads to a bullish outlook and higher stock prices due to increased buying activity. Confidence: 80%.,80
,2/7/2020,2/12/2020,Positive,"Articles discussing Alibaba's surging performance indicate strong financial health and positive momentum. Such coverage attracts more investors, boosting confidence and leading to increased buying activity, resulting in a positive price movement. Confidence: 85%.",85
,2/8/2020,2/13/2020,Positive,"Ongoing discussions about earnings reports maintain investor interest and anticipation of positive financial results. This sustained focus on earnings likely leads to increased buying activity as investors expect strong performance, driving the stock price up. Confidence: 75%.",75
,2/9/2020,2/14/2020,Positive,"Positive endorsements from well-known investors or firms like Gerber Kawasaki often lead to increased investor confidence and buying interest. Such endorsements suggest strong potential for growth and profitability, driving the stock price up. Confidence: 80%.",80
,2/13/2020,2/18/2020,Positive,Statements from the CEO typically have a strong impact on investor sentiment. Positive announcements or outlooks from the CEO can significantly boost investor confidence and drive the stock price up. Confidence: 85%.,85
,2/14/2020,2/19/2020,Positive,"Tweets highlighting Alibaba's strength and stability generally bolster investor confidence, leading to increased buying interest and a positive price movement. Confidence: 75%.",75
,2/15/2020,2/20/2020,Positive,"Positive mentions alongside other strong-performing stocks typically generate bullish sentiment among investors, leading to a positive impact on Alibaba's stock price. Confidence: 70%.",70
,2/16/2020,2/21/2020,Negative,"Concerns about the ripple effects of the coronavirus generally lead to market uncertainty and increased selling pressure, which may negatively impact stock prices. Confidence: 85%.",85
,2/19/2020,2/24/2020,Negative,"The focus on other stocks and the lack of specific positive news about Alibaba can lead to reduced investor focus and buying interest, potentially causing a negative price movement. Confidence: 65%.",65
,2/20/2020,2/25/2020,Negative,"Attention on other stocks' breakout levels without specific positive news for Alibaba may reduce investor interest, leading to a negative impact on the stock price. Confidence: 70%.",70
,2/21/2020,2/26/2020,Negative,"Focus on alternative investments like Bitcoin may divert investor interest away from Alibaba, potentially resulting in reduced buying activity and a negative price impact. Confidence: 65%.",65
,2/22/2020,2/27/2020,Negative,"The phrase ""about to go down"" suggests impending negative events or market turbulence. Without specific positive news for Alibaba, this general market warning could increase investor anxiety, leading to selling pressure and a potential drop in stock price. Confidence: 70%.",70
,2/23/2020,2/28/2020,Positive,"Inclusion of Alibaba alongside major indices and high-performing stocks indicates positive sentiment and investor confidence. Being mentioned with market leaders suggests that investors view Alibaba favorably, which typically results in a positive price movement. Confidence: 75%.",75
,2/26/2020,3/2/2020,Positive,"New articles providing positive analysis on Alibaba's stock often increase investor interest and confidence. Positive media coverage can attract more buyers, driving the stock price up. Confidence: 80%.",80
,2/27/2020,3/3/2020,Negative,Focus on other stocks like $SPOM and the lack of specific positive news for Alibaba may lead to reduced investor interest in BABA. This shift in attention can result in decreased buying pressure and a potential negative impact on Alibaba's stock price. Confidence: 65%.,65
,2/28/2020,3/4/2020,Negative,"Strongly negative sentiment indicating that holding stocks through current market conditions is unwise typically leads to increased selling pressure. When influential voices suggest avoiding stock holdings, it often results in a bearish outlook and a decline in stock prices. Confidence: 85%.",85
,2/29/2020,3/5/2020,Positive,Positive performance summaries for February highlight strong market conditions and investor confidence. Good financial performance generally leads to increased investor interest and a positive impact on stock prices. Confidence: 75%.,75
,3/1/2020,3/6/2020,Positive,"Being listed as a ""stock to watch"" generates increased interest and optimism among investors. Such mentions typically result in a bullish sentiment, leading to a positive price movement for Alibaba. Confidence: 70%.",70
,3/4/2020,3/9/2020,Positive,Positive articles highlighting Alibaba alongside other Chinese tech stocks generate bullish sentiment and investor confidence. Such coverage typically leads to increased buying activity and a positive price movement. Confidence: 80%.,80
,3/5/2020,3/10/2020,Negative,Concerns about oversold conditions and the ongoing impact of the coronavirus typically lead to market fears and selling pressure. This negative sentiment can adversely affect Alibaba's stock price. Confidence: 85%.,85
,3/6/2020,3/11/2020,Negative,"Advisories against holding stocks in current market conditions generate fear and increased selling pressure. When respected voices in finance advise caution, it often results in a bearish sentiment and a drop in stock prices. Confidence: 80%.",80
,3/7/2020,3/12/2020,Positive,Positive articles recommending Alibaba as a favorite stock for generating income typically boost investor confidence and interest. Such endorsements lead to increased buying activity and a positive price movement. Confidence: 75%.,75
,3/8/2020,3/13/2020,Positive,"Positive predictions and market outlooks often generate increased investor optimism and buying interest. When the market expects favorable conditions, stocks like Alibaba benefit from the bullish sentiment. Confidence: 70%.",70
,3/11/2020,3/16/2020,Positive,"Positive mentions and endorsements, especially from influential sources, often lead to increased investor confidence and buying activity. This results in a positive price movement for Alibaba. Confidence: 75%.",75
,3/12/2020,3/17/2020,Positive,Being included in discussions alongside other major indices and high-performing stocks indicates positive sentiment and investor confidence. This typically leads to a positive price movement for Alibaba. Confidence: 70%.,70
,3/13/2020,3/18/2020,Negative,"The series of thinking emojis combined with mentions of major indices suggests uncertainty and potential market volatility. Investors may interpret this as a signal to be cautious, leading to increased selling pressure. Without specific positive news for Alibaba, this uncertainty can result in a negative impact on its stock price. Confidence: 70%.",70
,3/14/2020,3/19/2020,Positive,"Positive mentions and endorsements, especially from influential sources or trading groups, often lead to increased investor confidence and buying activity. This results in a positive price movement for Alibaba as investors follow these recommendations. Confidence: 75%.",75
,3/15/2020,3/20/2020,Positive,Inclusion in discussions alongside other major indices and high-performing stocks indicates positive sentiment and investor confidence. This typically leads to a positive price movement for Alibaba as it is seen as part of the broader bullish market trend. Confidence: 75%.,75
,3/18/2020,3/23/2020,Positive,"Continued inclusion in discussions with other major indices and high-performing stocks reinforces positive sentiment. This sustained attention indicates that investors remain bullish on these stocks, including Alibaba, leading to a positive price movement. Confidence: 75%.",75
,3/19/2020,3/24/2020,Positive,"Market recaps highlighting positive performances typically generate increased investor confidence and buying interest. When reputable sources like Investing.com provide positive summaries, it boosts overall market sentiment, benefiting stocks like Alibaba. Confidence: 75%.",75
,3/20/2020,3/25/2020,Negative,"The use of distressed emojis and focus on major indices suggests a negative sentiment and potential market volatility. This can lead to increased selling pressure as investors react to perceived market instability, negatively impacting Alibaba's stock price. Confidence: 80%.",80
,3/21/2020,3/26/2020,Negative,"The negative sentiment expressed through emojis and mention of major indices imply market concerns and potential selling pressure. When influential voices express bearish views, it often results in a decline in stock prices due to increased investor caution. Confidence: 80%.",80
,3/22/2020,3/27/2020,Negative,"Mention of a trade idea involving a put option (80P) suggests a bearish outlook, which may lead to increased selling pressure on Alibaba's stock. When traders discuss put options, it indicates expectations of a decline, resulting in negative sentiment. Confidence: 75%.",75
,3/25/2020,3/30/2020,Positive,"Positive mentions and success stories from trading groups often boost investor confidence and interest. Such endorsements lead to increased buying activity as more investors follow these positive signals, driving the stock price up. Confidence: 75%.",75
,3/26/2020,3/31/2020,Positive,"Positive sentiments and remarks about the market performance typically lead to increased investor confidence and buying interest. When the overall market and major stocks perform well, it creates a bullish environment that benefits stocks like Alibaba. Confidence: 80%.",80
,3/27/2020,4/1/2020,Negative,"Discussions about layoffs and virus-related economic impacts generally lead to market fears and increased selling pressure. The tweet’s tone suggests economic distress, which can negatively affect investor sentiment and cause a decline in stock prices, including Alibaba. Confidence: 80%.",80
,3/28/2020,4/2/2020,Positive,"Weekly watchlists highlighting opportunities often increase investor interest and confidence. When Alibaba is featured as a strong opportunity, it attracts more buyers, leading to a positive price movement. Confidence: 75%.",75
,3/29/2020,4/3/2020,Negative,"Mention of a trade idea involving a put option suggests a bearish outlook. Such discussions indicate that traders expect a decline in stock prices, leading to increased selling pressure on Alibaba’s stock. Confidence: 75%.",75
,4/1/2020,4/6/2020,Positive,Positive enthusiasm and calls to join trading activities often boost investor confidence and interest. This leads to increased buying activity and a positive price movement for Alibaba. Confidence: 80%.,80
,4/2/2020,4/7/2020,Negative,"Pessimistic statements about market conditions typically generate fear and increased selling pressure. Such negative sentiment can lead to a decline in stock prices, including Alibaba. Confidence: 75%.",75
,4/3/2020,4/8/2020,Positive,Continued positive enthusiasm and calls to join trading activities maintain investor confidence and interest. This leads to increased buying activity and a positive price movement for Alibaba. Confidence: 80%.,80
,4/4/2020,4/9/2020,Positive,"Positive sentiment and expectations of stock price increases typically lead to increased investor confidence and buying activity, driving the stock price up. Confidence: 75%.",75
,4/8/2020,4/13/2020,Positive,"Positive success stories and endorsements from trading groups often boost investor confidence and interest. This kind of enthusiastic sentiment can drive more investors to buy the stock, expecting similar positive outcomes. As a result, increased buying pressure typically leads to a positive price movement for Alibaba. Confidence: 75%.",75
,4/9/2020,4/14/2020,Positive,"New articles highlighting Alibaba alongside other major Chinese tech stocks generally create bullish sentiment. Being featured in positive media coverage boosts investor confidence and attracts more buyers, driving the stock price up. Confidence: 80%.",80
,4/10/2020,4/15/2020,Positive,"Focus on Chinese tech giants like Alibaba often leads to increased investor interest and confidence. Positive mentions in the media about Alibaba's performance or potential typically result in higher buying activity, driving the stock price up. Confidence: 80%.",80
,4/11/2020,4/16/2020,Positive,"Continued focus on Chinese tech giants like Alibaba maintains increased investor interest and confidence. Persistent positive media attention generally supports a bullish outlook, leading to a positive price movement. Confidence: 80%.",80
,4/12/2020,4/17/2020,Positive,"Persistent focus on Alibaba alongside other major tech companies continues to generate bullish sentiment and investor confidence. This ongoing attention suggests strong performance and potential, driving the stock price higher. Confidence: 80%.",80
,4/15/2020,4/20/2020,Positive,"An increase in ""Buy"" ratings from analysts typically leads to heightened investor confidence and increased buying activity. Analysts' positive ratings are seen as endorsements of Alibaba's growth potential, driving the stock price up. Confidence: 85%.",85
,4/16/2020,4/21/2020,Positive,New positive analysis articles on Alibaba often attract investor interest and confidence. Media coverage highlighting favorable aspects of the stock leads to increased buying activity and a positive price movement. Confidence: 80%.,80
,4/17/2020,4/22/2020,Positive,Positive endorsements and enthusiastic calls to join trading activities often boost investor confidence and interest. This leads to increased buying activity and a positive price movement for Alibaba. Confidence: 80%.,80
,4/18/2020,4/23/2020,Positive,"Inclusion in discussions alongside major indices and high-performing stocks typically generates positive sentiment and investor confidence. This suggests that Alibaba is viewed favorably among leading stocks, resulting in a positive price movement. Confidence: 75%.",75
,4/19/2020,4/24/2020,Positive,"Mention of a trade idea involving a call option suggests a bullish outlook. When traders discuss call options, it indicates expectations of a price increase, leading to increased buying pressure and a positive impact on Alibaba’s stock price. Confidence: 75%.",75
,4/22/2020,4/27/2020,Negative,"Mention of another stock's pullback and negative sentiment can lead to broader market concerns and selling pressure. Investors may perceive market weakness and react cautiously, potentially impacting Alibaba's stock negatively. Confidence: 70%.",70
,4/23/2020,4/28/2020,Negative,Mention of significant declines in major indices suggests market concerns and potential volatility. This negative sentiment can lead to increased selling pressure on Alibaba's stock as investors react to broader market declines. Confidence: 75%.,75
,4/24/2020,4/29/2020,Positive,Positive earnings expectations typically boost investor confidence and buying interest. Anticipation of favorable financial results leads to a bullish sentiment and higher stock prices as investors position themselves ahead of the earnings report. Confidence: 80%.,80
,4/25/2020,4/30/2020,Positive,"Positive sentiment indicated by the money bag emojis suggests strong investor confidence and interest. When sentiment is bullish and depicted positively, it generally leads to increased buying activity and a positive price movement for Alibaba. Confidence: 75%.",75
,4/26/2020,5/1/2020,Negative,Mention of trade ideas involving other stocks without specific positive news for Alibaba might reduce investor focus and interest in BABA. This can lead to decreased buying pressure and a potential negative impact on its stock price. Confidence: 70%.,70
,4/29/2020,5/4/2020,Positive,Articles focusing on earnings expectations generally generate increased investor interest and confidence. Positive media coverage ahead of earnings reports leads to bullish sentiment and higher stock prices as investors position themselves for potential gains. Confidence: 80%.,80
,4/30/2020,5/5/2020,Positive,"Positive mentions of continued movement and recovery usually boost investor confidence and buying interest. When market participants see positive momentum, it often leads to increased buying activity, resulting in a positive price movement for Alibaba. Confidence: 75%.",75
,5/1/2020,5/6/2020,Positive,"Positive mentions of lessons learned from operations in China generally indicate strong performance and potential growth. Investors interpret such news as a sign of strategic advantage and robust market positioning, leading to increased confidence and a positive impact on the stock price. Confidence: 70%.",70
,5/2/2020,5/7/2020,Positive,Inclusion of Alibaba alongside major indices and high-performing stocks typically generates positive sentiment and investor confidence. Positive media mentions and attention towards Alibaba as part of the broader bullish market trend usually lead to increased buying activity and a positive price movement. Confidence: 75%.,75
,5/3/2020,5/8/2020,Positive,"Positive mentions and articles about Alibaba typically boost investor interest and confidence. Media coverage that highlights favorable aspects of Alibaba’s business or financial performance attracts more buyers, driving the stock price up. Confidence: 80%.",80
,5/6/2020,5/11/2020,Positive,"Positive technical analysis indicating strength in the daily chart usually leads to increased investor confidence and buying interest. When technical indicators suggest strong performance, it often results in a positive price movement as traders look to capitalize on the upward trend. Confidence: 75%.",75
,5/7/2020,5/12/2020,Negative,"Bearish technical analysis or sentiment usually leads to increased selling pressure. When influential voices or traders express negative views, it often results in a decline in stock prices as investors react to the anticipated downturn. Confidence: 80%.",80
,5/8/2020,5/13/2020,Positive,Positive endorsements and enthusiastic calls to join trading activities often boost investor confidence and interest. This leads to increased buying activity and a positive price movement for Alibaba. Confidence: 80%.,80
,5/9/2020,5/14/2020,Negative,"News of a scandal and hacking incident generally creates uncertainty and fear in the market, leading to increased selling pressure and a negative impact on stock prices. Even though the incident is not directly related to Alibaba, market sentiment can turn negative, affecting broader market stocks. Confidence: 75%.",75
,5/10/2020,5/15/2020,Negative,Mention of trade ideas involving other stocks without specific positive news for Alibaba might reduce investor focus and interest in BABA. This can lead to decreased buying pressure and a potential negative impact on its stock price. Confidence: 70%.,70
,5/13/2020,5/18/2020,Positive,"New articles providing positive analysis on Alibaba's stock often increase investor interest and confidence. Positive media coverage can attract more buyers, driving the stock price up. Confidence: 80%.",80
,5/14/2020,5/19/2020,Positive,"Recaps of unusual options activity typically indicate significant investor interest and potential for substantial price movement, usually in a positive direction. High options activity suggests that traders are expecting price volatility, often signaling bullish sentiment. Confidence: 75%.",75
,5/15/2020,5/20/2020,Positive,"Positive sentiment and optimism shared by influential traders often boost investor confidence and buying interest. When well-known market participants express a positive outlook, it typically results in a bullish response from investors, driving the stock price up. Confidence: 70%.",70
,5/16/2020,5/21/2020,Positive,"Anticipation of earnings reports typically generates increased investor interest and optimism. When investors expect favorable earnings results, it leads to increased buying activity, driving the stock price up. Confidence: 75%.",75
,5/17/2020,5/22/2020,Positive,"Continued focus on upcoming earnings reports maintains investor interest and anticipation of positive financial results. This sustained focus likely leads to increased buying activity as investors expect strong performance, driving the stock price up. Confidence: 75%.",75
,5/21/2020,5/26/2020,Positive,"Positive endorsements and enthusiasm from influential traders often boost investor confidence and interest. When market participants express excitement and positivity, it leads to increased buying activity and a positive price movement for Alibaba. Confidence: 75%.",75
,5/22/2020,5/27/2020,Negative,"News of significant declines in Chinese stocks during pre-market trading generally leads to increased selling pressure and a negative impact on stock prices. When the broader market or sector shows weakness, it often affects individual stocks like Alibaba negatively. Confidence: 80%.",80
,5/23/2020,5/28/2020,Positive,"Positive mentions and endorsements from financial networks like TD Ameritrade Network typically increase investor confidence and buying interest. When reputable sources discuss stocks favorably, it attracts more investors, leading to a positive price movement. Confidence: 75%.",75
