Time,ticker,Summary,Price Movement,Explanation
2020-04-02,"Alibaba","2020-04-02 - Alibaba announced the acquisition of the e-commerce platform, Kaola, from NetEase for approximately $2 billion. - The deal strengthens Alibaba's position in the cross-border e-commerce market. - Kaola will continue to operate independently under its brand. - Alibaba’s e-commerce rival, JD.com, has also shown interest in acquiring Kaola but was outbid by Alibaba. - The acquisition is expected to enhance Alibaba's product offerings and customer reach.",Positive,"The acquisition of Kaola by Alibaba for $2 billion significantly bolsters Alibaba's presence in the cross-border e-commerce market. This strategic move not only expands Alibaba's product offerings and customer base but also eliminates potential competition from JD.com, which had shown interest in Kaola. The acquisition demonstrates Alibaba's proactive approach to strengthening its market position, likely leading to a positive impact on the stock price."
2020-04-12,"Alibaba","2020-04-12 - Alibaba Cloud, the cloud computing arm of Alibaba, reported significant growth in revenue for the latest quarter. - The cloud division achieved revenue of $1.5 billion, marking a 62% year-over-year increase. - The growth was driven by increased demand for digital transformation services amid the COVID-19 pandemic. - Alibaba Cloud has been expanding its global data center footprint to cater to international clients.",Positive,"Alibaba Cloud's impressive 62% year-over-year revenue growth highlights the increasing demand for digital transformation services, especially amid the COVID-19 pandemic. The substantial revenue growth and strategic expansion of its global data center footprint position Alibaba Cloud as a significant player in the cloud computing market, positively influencing Alibaba's overall stock price."
2020-04-12,"Alibaba","2020-04-12 - Tencent and Alibaba were reported to be in discussions regarding a potential partnership to leverage each other's strengths in various business areas. - The collaboration could involve integrating Tencent's WeChat Pay with Alibaba's e-commerce platforms. - Such a partnership would create synergies between the two tech giants, enhancing their market dominance and customer experience.",Positive,"A potential partnership between Tencent and Alibaba to integrate WeChat Pay with Alibaba's e-commerce platforms would create significant synergies and enhance market dominance for both companies. This collaboration could lead to improved customer experiences and increased market share, reflecting positively on Alibaba's stock price."
2020-04-15,"Alibaba","2020-04-15 - Alibaba announced plans to invest $28 billion in its cloud computing infrastructure over the next three years. - The investment aims to enhance Alibaba Cloud's global network, focusing on developing advanced technologies such as AI and IoT. - This substantial investment underscores Alibaba's commitment to becoming a leader in the cloud computing industry.",Positive,"Alibaba's announcement of a $28 billion investment in cloud computing infrastructure over the next three years underscores its commitment to becoming a leader in the cloud computing industry. This significant investment in advanced technologies like AI and IoT is expected to enhance Alibaba Cloud's capabilities and global network, positively impacting Alibaba's stock price."
2020-05-09,"Alibaba","2020-05-09 - Alibaba reported its Q4 2020 earnings, with revenue of $16.1 billion, beating analysts' expectations. - The company’s e-commerce business continued to thrive, with robust growth in online retail sales. - Alibaba's digital entertainment and media division also saw substantial revenue growth. - The company announced plans to expand its international business aggressively.",Positive,"Alibaba's Q4 2020 earnings report, with revenue of $16.1 billion exceeding analysts' expectations, highlights the robust growth in its e-commerce business and significant gains in the digital entertainment and media division. The company's plans to aggressively expand its international business further strengthen its growth prospects, contributing to a positive impact on the stock price."
2020-06-07,"Alibaba","2020-06-07 - Alibaba's Ant Financial, a major fintech company, announced plans to go public with an IPO aiming to raise $200 billion. - The IPO is expected to be one of the largest in history, underscoring Ant Financial's significant market presence. - The funds raised will be used to expand Ant Financial's services and reach.",Positive,"The announcement of Ant Financial's plans to go public with a record-setting IPO of $200 billion highlights the substantial market presence and growth potential of Alibaba's fintech arm. This move is expected to generate significant capital for expanding Ant Financial's services, positively influencing Alibaba's overall stock price."
2020-06-11,"Alibaba","2020-06-11 - Alibaba's annual 618 shopping festival achieved record sales, with a notable increase in online orders. - The event's success reflects the strong consumer demand and the effectiveness of Alibaba's e-commerce platform. - Alibaba introduced new technologies and logistics innovations to enhance the shopping experience during the festival.",Positive,"The record sales achieved during Alibaba's annual 618 shopping festival demonstrate strong consumer demand and the effectiveness of Alibaba's e-commerce platform. The introduction of new technologies and logistics innovations further enhances the customer experience, contributing positively to Alibaba's stock price."
2020-07-04,"Alibaba",2020-07-04 - Alibaba's cloud computing division launched a new AI-powered service aimed at improving supply chain efficiency. - The service uses advanced algorithms to optimize inventory management and logistics. - This innovation is expected to attract more business clients to Alibaba Cloud.,Positive,"The launch of an AI-powered service by Alibaba's cloud computing division to improve supply chain efficiency showcases Alibaba's innovation and capability in leveraging advanced technologies. This service is likely to attract more business clients to Alibaba Cloud, positively impacting the company's stock price."
2020-07-31,"Alibaba","2020-07-31 - Alibaba reported its Q1 2021 earnings, with revenue of $21.8 billion, surpassing analysts' expectations. - The company's e-commerce business continued to show strong growth, with significant increases in online retail sales. - Alibaba's digital entertainment and media division also performed well, contributing to the overall positive earnings report.",Positive,"Alibaba's Q1 2021 earnings report, with revenue of $21.8 billion exceeding analysts' expectations, highlights the continued strong growth in its e-commerce business and significant performance in its digital entertainment and media division. This robust financial performance positively influences Alibaba's stock price."
2020-07-31,"Alibaba",2020-07-31 - Alibaba announced a strategic partnership with Starbucks to deliver coffee through its Ele.me platform. - The partnership aims to enhance the customer experience by providing fast and reliable delivery services. - This collaboration is expected to drive more traffic to Alibaba's delivery platform and boost overall sales.,Positive,"The strategic partnership between Alibaba and Starbucks to deliver coffee through the Ele.me platform aims to enhance the customer experience with fast and reliable delivery services. This collaboration is expected to drive more traffic to Alibaba's delivery platform, boosting overall sales and positively impacting the stock price."
2020-08-19,"Alibaba","2020-08-19 - Alibaba's Ant Financial reported significant growth in its digital payments business, with a substantial increase in transaction volumes. - The growth was driven by the rise in online shopping and digital payments amid the COVID-19 pandemic. - Ant Financial's expansion into new markets further contributed to its strong performance.",Positive,"Ant Financial's significant growth in its digital payments business, driven by increased transaction volumes amid the COVID-19 pandemic, highlights the robust performance and expansion into new markets. This strong performance positively impacts Alibaba's overall stock price."
2020-08-20,"Alibaba","2020-08-20 - Alibaba announced plans to invest in its logistics arm, Cainiao, to enhance delivery efficiency and expand its logistics network. - The investment aims to improve the customer experience by reducing delivery times and increasing reliability. - This move underscores Alibaba's commitment to strengthening its logistics capabilities.",Positive,"Alibaba's plan to invest in its logistics arm, Cainiao, to enhance delivery efficiency and expand its logistics network underscores the company's commitment to improving customer experience. By reducing delivery times and increasing reliability, this investment positively impacts Alibaba's stock price."
2020-08-21,"Alibaba","2020-08-21 - Alibaba's quarterly earnings report showed revenue growth of 34% year-over-year, driven by strong performance in its core e-commerce business. - The company also reported significant growth in its cloud computing and digital media divisions. - Alibaba's strong financial performance exceeded market expectations.",Positive,"Alibaba's quarterly earnings report, showing a 34% year-over-year revenue growth driven by strong performance in its core e-commerce business, along with significant growth in cloud computing and digital media divisions, exceeds market expectations. This strong financial performance positively influences the stock price."
2020-08-27,"Alibaba",2020-08-27 - Alibaba announced a strategic partnership with China Mobile to develop 5G technology and applications. - The partnership aims to leverage Alibaba's cloud computing and AI capabilities with China Mobile's 5G network. - This collaboration is expected to drive innovation and create new business opportunities in the 5G era.,Positive,"The strategic partnership between Alibaba and China Mobile to develop 5G technology and applications leverages Alibaba's cloud computing and AI capabilities with China Mobile's 5G network. This collaboration is expected to drive innovation and create new business opportunities in the 5G era, positively impacting Alibaba's stock price."
2020-09-10,"Alibaba",2020-09-10 - Alibaba announced the launch of a new AI-powered marketing platform to help businesses optimize their advertising campaigns. - The platform uses machine learning algorithms to analyze consumer behavior and deliver personalized advertisements. - This innovation aims to attract more businesses to Alibaba's marketing services.,Positive,"The launch of an AI-powered marketing platform by Alibaba to help businesses optimize their advertising campaigns demonstrates the company's innovation in leveraging machine learning algorithms. This platform is expected to attract more businesses to Alibaba's marketing services, positively influencing the stock price."
2020-10-07,"Alibaba","2020-10-07 - Alibaba's annual Singles' Day shopping festival recorded $38.4 billion in sales, setting a new record. - The festival showcased Alibaba's ability to drive significant consumer spending. - Alibaba utilized live streaming and other innovative marketing techniques to engage customers.",Positive,"Alibaba's annual Singles' Day shopping festival achieving $38.4 billion in sales sets a new record, showcasing the company's capability to drive substantial consumer spending. The use of live streaming and other innovative marketing techniques to engage customers further demonstrates Alibaba's market leadership and positively impacts the stock price."
2020-10-18,"Alibaba",2020-10-18 - Alibaba announced a partnership with Richemont to invest $1.1 billion in the online luxury retailer Farfetch. - The investment aims to strengthen Alibaba's presence in the high-end fashion market. - The collaboration is expected to enhance Farfetch's global reach and customer base.,Positive,"The partnership between Alibaba and Richemont to invest $1.1 billion in the online luxury retailer Farfetch aims to strengthen Alibaba's presence in the high-end fashion market. This collaboration enhances Farfetch's global reach and customer base, positively impacting Alibaba's stock price."
2020-11-19,"Alibaba","2020-11-19 - Chinese regulators announced an antitrust investigation into Alibaba's business practices. - The investigation focuses on Alibaba's alleged monopolistic behavior, particularly in its e-commerce operations. - This regulatory scrutiny poses potential challenges and uncertainties for Alibaba.",Negative,"The announcement of an antitrust investigation by Chinese regulators into Alibaba's business practices, focusing on alleged monopolistic behavior, poses significant challenges and uncertainties for the company. This regulatory scrutiny negatively impacts investor sentiment, leading to a negative impact on Alibaba's stock price."
2021-01-30,"Alibaba","2021-01-30 - Alibaba's Q4 2020 earnings report showed revenue of $33.9 billion, beating market expectations. - The company's core e-commerce business and cloud computing division both exhibited strong growth. - Despite regulatory challenges, Alibaba's financial performance remains robust.",Positive,"Alibaba's Q4 2020 earnings report, with revenue of $33.9 billion surpassing market expectations, highlights the strong growth in its core e-commerce business and cloud computing division. Despite ongoing regulatory challenges, Alibaba's robust financial performance positively influences the stock price."
2021-02-28,"Alibaba","2021-02-28 - Alibaba announced plans to acquire a controlling stake in the Chinese supermarket chain Sun Art Retail. - The acquisition aims to integrate Alibaba's digital ecosystem with Sun Art's physical stores, enhancing its omnichannel retail strategy. - This move is expected to drive growth in Alibaba's retail segment.",Positive,"Alibaba's plan to acquire a controlling stake in the Chinese supermarket chain Sun Art Retail aims to integrate its digital ecosystem with Sun Art's physical stores, enhancing its omnichannel retail strategy. This acquisition is expected to drive growth in Alibaba's retail segment, positively impacting the stock price."
2021-03-14,"Alibaba",2021-03-14 - Alibaba's cloud computing division announced the launch of a new AI-driven cybersecurity service. - The service aims to protect businesses from cyber threats using advanced machine learning algorithms. - This innovation strengthens Alibaba Cloud's service offerings and appeal to enterprise clients.,Positive,"The launch of a new AI-driven cybersecurity service by Alibaba's cloud computing division strengthens Alibaba Cloud's service offerings. By using advanced machine learning algorithms to protect businesses from cyber threats, this innovation enhances Alibaba's appeal to enterprise clients, positively influencing the stock price."
2021-05-09,"Alibaba","2021-05-09 - Alibaba's Q1 2021 earnings report showed revenue growth of 64% year-over-year, driven by strong performance in its e-commerce and cloud computing businesses. - The company also reported significant growth in its digital media and entertainment divisions. - Alibaba's strong financial performance exceeded market expectations.",Positive,"Alibaba's Q1 2021 earnings report, showing a 64% year-over-year revenue growth driven by strong performance in its e-commerce and cloud computing businesses, along with significant growth in its digital media and entertainment divisions, exceeds market expectations. This strong financial performance positively influences Alibaba's stock price."
2021-05-12,"Alibaba",2021-05-12 - Alibaba announced a strategic partnership with BMW to develop smart vehicle technology. - The partnership aims to integrate Alibaba's AI and cloud computing capabilities with BMW's automotive expertise. - This collaboration is expected to drive innovation in the smart vehicle market.,Positive,"The strategic partnership between Alibaba and BMW to develop smart vehicle technology aims to integrate Alibaba's AI and cloud computing capabilities with BMW's automotive expertise. This collaboration is expected to drive innovation in the smart vehicle market, positively impacting Alibaba's stock price."
2021-07-21,"Alibaba","2021-07-21 - Alibaba's financial arm, Ant Group, announced plans to restructure its business to comply with regulatory requirements. - The restructuring aims to align Ant Group's operations with new financial regulations imposed by Chinese authorities. - This move is intended to address regulatory concerns and ensure long-term compliance.",Neutral,"Ant Group's plans to restructure its business to comply with new regulatory requirements imposed by Chinese authorities aim to address regulatory concerns and ensure long-term compliance. While this move addresses potential regulatory issues, it introduces uncertainties about the future operations, resulting in a neutral impact on Alibaba's stock price."
2021-08-18,"Alibaba",2021-08-18 - Alibaba announced the launch of a new AI-powered platform to support small and medium-sized enterprises (SMEs). - The platform offers tools and resources to help SMEs optimize their operations and enhance their digital presence. - This initiative aims to drive growth in Alibaba's SME customer base.,Positive,"The launch of a new AI-powered platform by Alibaba to support small and medium-sized enterprises (SMEs) offers tools and resources to help SMEs optimize operations and enhance their digital presence. This initiative aims to drive growth in Alibaba's SME customer base, positively impacting the stock price."
2021-10-01,"Alibaba","2021-10-01 - Alibaba's digital payments arm, Alipay, announced a partnership with several international payment providers to expand its global reach. - The partnership aims to facilitate cross-border transactions and enhance Alipay's international presence. - This move is expected to attract more users to Alipay's platform.",Positive,"Alipay's partnership with several international payment providers to expand its global reach aims to facilitate cross-border transactions and enhance its international presence. This move is expected to attract more users to Alipay's platform, positively influencing Alibaba's stock price."
2021-10-10,"Alibaba",2021-10-10 - Alibaba announced a significant investment in research and development to advance its AI and machine learning capabilities. - The investment aims to develop new technologies and enhance Alibaba's product offerings. - This move underscores Alibaba's commitment to innovation and long-term growth.,Positive,"Alibaba's significant investment in research and development to advance its AI and machine learning capabilities aims to develop new technologies and enhance its product offerings. This move underscores Alibaba's commitment to innovation and long-term growth, positively impacting the stock price."
2021-10-29,"Alibaba","2021-10-29 - Alibaba reported its Q2 2021 earnings, with revenue of $31.1 billion, slightly below market expectations. - The company's e-commerce business showed slower growth due to increased competition and regulatory pressures. - Despite the challenges, Alibaba's cloud computing division continued to perform well.",Negative,"Alibaba's Q2 2021 earnings report, with revenue of $31.1 billion slightly below market expectations, highlights slower growth in its e-commerce business due to increased competition and regulatory pressures. Despite strong performance in the cloud computing division, the overall challenges and missed expectations negatively impact the stock price."
2020-04-02,"Amazon",2020-04-02 - Amazon announced a $1 billion acquisition of autonomous vehicle startup Zoox. - The acquisition aims to bolster Amazon's efforts in developing autonomous delivery systems. - This move is expected to enhance Amazon's logistics capabilities and reduce delivery costs.,Positive,"Amazon's $1 billion acquisition of autonomous vehicle startup Zoox demonstrates its commitment to developing advanced autonomous delivery systems. This strategic move is expected to enhance Amazon's logistics capabilities and reduce delivery costs, positively impacting the stock price."
2020-04-09,"Amazon",2020-04-09 - Amazon announced plans to begin testing drone deliveries in select locations. - The initiative aims to speed up delivery times and improve efficiency. - Amazon's investment in drone technology reflects its focus on innovation in logistics.,Positive,"Amazon's plans to begin testing drone deliveries in select locations highlight its focus on innovation in logistics. This initiative aims to speed up delivery times and improve efficiency, positively influencing Amazon's stock price."
2020-04-12,"Amazon","2020-04-12 - Amazon reported a surge in online orders due to the COVID-19 pandemic. - The company hired an additional 100,000 workers to meet the increased demand. - Amazon's ability to scale operations rapidly underscores its strength in the e-commerce sector.",Positive,"The surge in online orders due to the COVID-19 pandemic and Amazon's rapid hiring of 100,000 additional workers to meet increased demand underscore the company's strength in the e-commerce sector. This ability to scale operations rapidly positively impacts Amazon's stock price."
2020-04-15,"Amazon",2020-04-15 - Amazon announced the expansion of its grocery delivery service to more cities. - The company aims to meet the growing demand for online grocery shopping. - Amazon's investment in its grocery delivery service reflects its commitment to capturing market share in the online grocery sector.,Positive,"Amazon's expansion of its grocery delivery service to more cities aims to meet the growing demand for online grocery shopping. This investment reflects Amazon's commitment to capturing market share in the online grocery sector, positively impacting the stock price."
2020-05-09,"Amazon","2020-05-09 - Amazon reported its Q1 2020 earnings, with revenue of $75.5 billion, beating market expectations. - The company's e-commerce and cloud computing businesses both showed strong growth. - Amazon's ability to perform well amid the pandemic highlights its resilience and adaptability.",Positive,"Amazon's Q1 2020 earnings report, with revenue of $75.5 billion surpassing market expectations, highlights strong growth in its e-commerce and cloud computing businesses. The company's ability to perform well amid the pandemic showcases its resilience and adaptability, positively influencing the stock price."
2020-06-07,"Amazon",2020-06-07 - Amazon announced the opening of 10 new fulfillment centers in North America. - The expansion aims to increase capacity and improve delivery times. - Amazon's investment in new fulfillment centers demonstrates its commitment to enhancing its logistics network.,Positive,"Amazon's announcement of opening 10 new fulfillment centers in North America aims to increase capacity and improve delivery times. This investment in expanding its logistics network demonstrates Amazon's commitment to enhancing its operational efficiency, positively impacting the stock price."
2020-06-11,"Amazon",2020-06-11 - Amazon announced plans to invest $2 billion in its climate pledge fund. - The fund aims to support companies developing sustainable technologies. - Amazon's investment in sustainability initiatives reflects its commitment to environmental responsibility.,Positive,Amazon's plan to invest $2 billion in its climate pledge fund to support companies developing sustainable technologies reflects its commitment to environmental responsibility. This investment in sustainability initiatives positively influences Amazon's stock price.
2020-07-05,"Amazon",2020-07-05 - Amazon announced the launch of a new AI-powered voice assistant for businesses. - The assistant aims to enhance productivity and streamline operations. - Amazon's focus on developing innovative business solutions highlights its leadership in AI technology.,Positive,"Amazon's launch of a new AI-powered voice assistant for businesses aims to enhance productivity and streamline operations. This focus on developing innovative business solutions highlights Amazon's leadership in AI technology, positively impacting the stock price."
2020-07-30,"Amazon","2020-07-30 - Amazon reported its Q2 2020 earnings, with revenue of $88.9 billion, beating market expectations. - The company's e-commerce and cloud computing businesses both showed significant growth. - Amazon's strong financial performance during the pandemic underscores its market dominance.",Positive,"Amazon's Q2 2020 earnings report, with revenue of $88.9 billion surpassing market expectations, highlights significant growth in its e-commerce and cloud computing businesses. The company's strong financial performance during the pandemic underscores its market dominance, positively influencing the stock price."
2020-07-31,"Amazon",2020-07-31 - Amazon announced the expansion of its Prime Video service to more countries. - The expansion aims to increase Amazon's market share in the streaming industry. - Amazon's investment in expanding its digital media services reflects its commitment to diversifying revenue streams.,Positive,"Amazon's expansion of its Prime Video service to more countries aims to increase its market share in the streaming industry. This investment in expanding its digital media services reflects Amazon's commitment to diversifying revenue streams, positively impacting the stock price."
2020-08-19,"Amazon","2020-08-19 - Amazon announced the launch of a new health and wellness device called Halo. - The device tracks physical activity, sleep patterns, and other health metrics. - Amazon's entry into the health and wellness market highlights its efforts to diversify its product offerings.",Positive,"Amazon's launch of the new health and wellness device, Halo, which tracks physical activity, sleep patterns, and other health metrics, marks its entry into the health and wellness market. This move to diversify its product offerings positively impacts Amazon's stock price."
2020-08-20,"Amazon",2020-08-20 - Amazon announced a partnership with national healthcare providers to expand telehealth services. - The partnership aims to make healthcare more accessible and convenient for customers. - Amazon's investment in telehealth reflects its commitment to leveraging technology to improve healthcare services.,Positive,"Amazon's partnership with national healthcare providers to expand telehealth services aims to make healthcare more accessible and convenient for customers. This investment in telehealth reflects Amazon's commitment to leveraging technology to improve healthcare services, positively impacting the stock price."
2020-08-21,"Amazon","2020-08-21 - Amazon's cloud computing division, AWS, reported significant growth in revenue for the latest quarter. - AWS achieved revenue of $11.6 billion, marking a 29% year-over-year increase. - The growth was driven by increased demand for cloud services amid the COVID-19 pandemic.",Positive,"Amazon Web Services (AWS) reporting significant revenue growth of $11.6 billion, a 29% year-over-year increase, driven by increased demand for cloud services amid the COVID-19 pandemic, positively impacts Amazon's stock price by highlighting the strong performance and growth potential of its cloud computing division."
2020-08-27,"Amazon",2020-08-27 - Amazon announced plans to open a new robotics fulfillment center in California. - The center will feature advanced robotics technology to improve efficiency and safety. - Amazon's investment in robotics highlights its focus on innovation in logistics.,Positive,"Amazon's plans to open a new robotics fulfillment center in California, featuring advanced robotics technology to improve efficiency and safety, highlight its focus on innovation in logistics. This investment positively impacts Amazon's stock price by demonstrating its commitment to enhancing operational efficiency."
2020-09-10,"Amazon",2020-09-10 - Amazon reported the acquisition of a major stake in the autonomous driving company Rivian. - The acquisition aims to advance Amazon's efforts in developing electric delivery vehicles. - Amazon's investment in Rivian reflects its commitment to sustainable transportation solutions.,Positive,"Amazon's acquisition of a major stake in the autonomous driving company Rivian aims to advance its efforts in developing electric delivery vehicles. This investment reflects Amazon's commitment to sustainable transportation solutions, positively impacting the stock price."
2020-10-07,"Amazon",2020-10-07 - Amazon announced the expansion of its Fresh grocery delivery service to more cities. - The expansion aims to meet the growing demand for online grocery shopping. - Amazon's investment in Fresh demonstrates its commitment to capturing market share in the online grocery sector.,Positive,"Amazon's expansion of its Fresh grocery delivery service to more cities aims to meet the growing demand for online grocery shopping. This investment demonstrates Amazon's commitment to capturing market share in the online grocery sector, positively impacting the stock price."
2020-10-18,"Amazon","2020-10-18 - Amazon announced plans to hire 100,000 additional workers for the holiday season. - The hiring aims to meet the expected surge in demand during the holiday shopping period. - Amazon's ability to scale its workforce rapidly highlights its operational efficiency.",Positive,"Amazon's plans to hire 100,000 additional workers for the holiday season to meet the expected surge in demand highlight its operational efficiency and ability to scale rapidly. This move positively influences Amazon's stock price by demonstrating its preparedness for peak shopping periods."
2020-11-19,"Amazon","2020-11-19 - Amazon reported its Q3 2020 earnings, with revenue of $96.1 billion, exceeding market expectations. - The company’s e-commerce and cloud computing businesses both showed robust growth. - Amazon's strong financial performance during the pandemic underscores its market leadership.",Positive,"Amazon's Q3 2020 earnings report, with revenue of $96.1 billion exceeding market expectations, highlights robust growth in its e-commerce and cloud computing businesses. The company's strong financial performance during the pandemic underscores its market leadership, positively impacting the stock price."
2021-01-30,"Amazon",2021-01-30 - Amazon announced the acquisition of podcast network Wondery to enhance its audio content offerings. - The acquisition aims to expand Amazon’s presence in the rapidly growing podcast market. - This move reflects Amazon's strategy to diversify its media services.,Positive,"Amazon's acquisition of podcast network Wondery to enhance its audio content offerings aims to expand its presence in the rapidly growing podcast market. This strategic move reflects Amazon's efforts to diversify its media services, positively impacting the stock price."
2021-03-01,"Amazon",2021-03-01 - Amazon announced the opening of its first physical store in India. - The store aims to showcase Amazon’s range of products and enhance its presence in the Indian market. - Amazon's investment in physical retail reflects its commitment to expanding its footprint in key markets.,Positive,"Amazon's opening of its first physical store in India aims to showcase its range of products and enhance its presence in the Indian market. This investment in physical retail reflects Amazon's commitment to expanding its footprint in key markets, positively influencing the stock price."
2021-03-15,"Amazon","2021-03-15 - Amazon's cloud computing division, AWS, announced the launch of a new data analytics service. - The service aims to help businesses manage and analyze large volumes of data more efficiently. - AWS's continuous innovation in cloud services strengthens its market position.",Positive,"Amazon Web Services (AWS) announced the launch of a new data analytics service aimed at helping businesses manage and analyze large volumes of data more efficiently. AWS's continuous innovation in cloud services strengthens its market position, positively impacting Amazon's stock price."
2021-05-09,"Amazon","2021-05-09 - Amazon reported its Q1 2021 earnings, with revenue of $108.5 billion, beating market expectations. - The company’s e-commerce and cloud computing businesses continued to show strong growth. - Amazon’s financial performance underscores its resilience and adaptability.",Positive,"Amazon's Q1 2021 earnings report, with revenue of $108.5 billion surpassing market expectations, highlights strong growth in its e-commerce and cloud computing businesses. The company's financial performance underscores its resilience and adaptability, positively impacting the stock price."
